0,59.20304046,73.17103252,54.58937626,33.12099032,53.33854141,64.28841264,80.41144197,80.5294977,36.40054945,60.40695324,57.00877125,14.56021978,88,49.81967483,8.602325267,65.55150647,56.14267539,68.02940541,95.0210503,64.07027392,25.94224354,8.544003745,51.03920062,105.394497,81.32035416,93.40770846,84.01190392,14.14213562,93.43446901,19.6977156,68.59300256,60.14149982,64.63745044,32.57299495,4.242640687,20.61552813,18.60107524,95.21029356,89.55445271,58.85575588,60.00833275,66.09841148,78.91767863,97.94386147,99.00505038,12.52996409,65.74191966,90.80198236,30.47950131,43.829214,41.86884283,33.95585369,67.80117993,95.27329112,52.80151513,43.829214,21.26029163,26.2488095,50.20956084,87.66413178,77.98717843,30.01666204,55.14526272,49.04079934,30.6757233,60.8276253,78.64477096,21.47091055,20.09975124
59.20304046,0,19.41648784,8.544003745,42.52058325,22.36067977,5.099019514,22.02271555,52.49761899,47.20169488,81.84130986,52.39274759,53.03772242,34.88552709,23.43074903,56.8594759,40.19950248,12.04159458,13,42.04759208,52.15361924,34.23448554,50.69516742,19.84943324,80.23091673,22.13594362,58.30951895,26.17250466,55.03635162,43.829214,49.04079934,13.03840481,62.09669879,53.15072906,49.33558553,61.39218191,54.40588203,42.29657197,74.72616677,63.5688603,26.01922366,17.2626765,36.49657518,35,72.80109889,64.66065264,50.99019514,80.05623024,31.6227766,53.75872022,66.28725368,49.73932046,33.9411255,71.80529228,36.7151195,72.9451849,22.84731932,53.60037313,37.01351105,55.15432893,65.2533524,75.23961722,31.01612484,93.60555539,76.2758153,28.63564213,75.76938696,37.73592453,47.09564736,55.14526272
73.17103252,19.41648784,0,19.23538406,48.75448697,22.82542442,16.2788206,11.66190379,39,51.623638,81.56592426,48.82622246,69.58448103,15.8113883,42.80186912,69.05070601,31.38470965,17.02938637,25.49509757,23.08679276,45.61797891,50.48762225,65.03076195,39.20459157,64.76109943,18.68154169,41.43669871,12.80624847,71.56814934,24.41311123,66.28725368,6.403124237,58.52349955,46.5188134,68.15423685,76.02631123,63.5688603,58.30951895,61.13100686,49.25444142,21.21320344,14.31782106,26.92582404,17.72004515,57.87054518,47.5394573,62.96824597,77.66595136,25.23885893,59.94163828,68.8839604,52.0096145,42.05948169,67.11929678,33.12099032,73.55270219,42.05948169,62.62587325,54.34151268,54.4885309,52.0096145,67.67569726,48.05205511,97.61659695,78.64477096,44.28317965,74.20242584,21.37755833,64.5368112,72.56721023
54.58937626,8.544003745,19.23538406,0,34.6554469,14.03566885,12.04159458,25.96150997,46.09772229,39.05124838,73.35529974,43.93176527,50.35871325,34.92849839,27.45906044,51.2445119,32.75667871,4.472135955,21.54065923,42.20189569,44.01136217,31.25699922,46.27094121,24.18677324,74.24284477,28.3019434,53.41348144,29.42787794,52.34500931,42.54409477,47.07440918,14.03566885,53.60037313,45.01110974,49.64876635,57.218878,47.50789408,39.11521443,68.00735254,57.27128425,18.43908891,10.81665383,29.41088234,31.2409987,66.64082833,59.81638571,45.22167622,71.51223672,37.58989226,46.01086828,58.00862005,41.34005322,26.40075756,63.34824386,43.60045871,64.49806199,24.75883681,46.64761516,35.17101079,46.61544808,58.52349955,67.06713055,28.86173938,85.63293759,68.00735254,25.07987241,67.23094526,33.24154028,45.35416188,53.36665626
33.12099032,42.52058325,48.75448697,34.6554469,0,26,46.66904756,58.83026432,47.5394573,6,41.97618372,24.8394847,39.05124838,61.13100686,48.05205511,25.63201124,32.984845,33.60059523,55,67.46851117,31.2409987,28.63564213,28.31960452,46.84015371,72.42237223,62.62587325,60.7289058,61.29437168,40.36087214,64.38167441,39.96248241,46.32493929,30.46309242,31.89043744,50.69516742,37.21558813,16,30.41381265,62.48199741,56.43580424,29.61418579,34.43835072,34.23448554,49.16299421,64.89992296,66.12866247,20.59126028,43,71.61005516,11.40175425,24.69817807,11.40175425,8.94427191,39.84971769,78.10249676,32.75667871,41.59326869,15,34.20526275,20.24845673,54.64430437,48.3011387,31.144823,51.0881591,34.43835072,26,38.01315562,48,39.8246155,45
53.33854141,22.36067977,22.82542442,14.03566885,26,0,24.69817807,33.42154993,34.40930107,28.8444102,60.74537019,30.08321791,52.92447449,35.51056181,39.56008089,48.01041554,19.6977156,10.44030651,35.17101079,42.19004622,30,34.98571137,45.89117562,36.68787266,62.68173578,38.28837944,44.04543109,35.51056181,54.7813837,40.11234224,51,21.21320344,39.84971769,31,56.72741841,56.71860365,41.23105626,41.62931659,55.4616985,45.48626166,6.403124237,8.602325267,17.20465053,25.70992026,54.91812087,50.32891813,42,58.18075283,46.69047012,37.12142239,46.66904756,29.69848481,20.09975124,49.47726751,53.81449619,52.20153254,35.35533906,40.26164428,40.22437072,33.61547263,46.06517123,53.03772242,34.20526275,75.16648189,56.5862174,28.8444102,54.12023651,26,49.73932046,57.24508713
64.28841264,5.099019514,16.2788206,12.04159458,46.66904756,24.69817807,0,17.11724277,52.17278984,51.0881591,85.08818954,54.70831747,58.07753438,31.06444913,26.92582404,61.84658438,41.01219331,14.31782106,11,38.07886553,53.75872022,39.3192065,55.78530272,23.32380758,79.37883849,17.08800749,56.79788728,21.37755833,60.07495318,40.45985665,54.00925847,10,64.51356447,54.74486277,53.85164807,66.49060084,59.07622195,47.38143096,74.52516354,63.0634601,27.29468813,18.11077028,37.01351105,33.12099032,72.12489168,63.0634601,55.94640292,82.85529555,26.57066051,58,70,53.25410782,38.28837944,74.04052944,31.90611227,76.32168761,27.20294102,58.24946352,42,58.13776741,65.11528238,76.79192666,36.05551275,97.67292358,80,33.73425559,78.72102642,36.24913792,52.03844733,60.07495318
80.41144197,22.02271555,11.66190379,25.96150997,58.83026432,33.42154993,17.11724277,0,49.36598019,62.20128616,93.08598176,60.46486583,75.00666637,17.49285568,43.08131846,77.20103626,42.95346319,25.49509757,21.40093456,23.34523506,57.24508713,56.08029957,72.00694411,39.56008089,73.55270219,8.062257748,49.64876635,4.472135955,77.00649323,27.78488798,71.06335202,12.52996409,70.17834424,58.13776741,70.83078427,82.87339742,72.9177619,64.12487817,71.02816343,59.00847397,32.64965543,24.8394847,38.48376281,27.01851217,67.11929678,55.31726674,71.16881339,89.30845425,13.60147051,70.17834424,79.9812478,63.03173804,51.42956348,78.77182237,21.47091055,84.95881355,44.14748011,72.01388755,59.03388857,65.94694838,62.20128616,79.12016178,53,108.5771615,89.82761268,50.24937811,85.80209788,31.06444913,69.11584478,77.1621669
80.5294977,52.49761899,39,46.09772229,47.5394573,34.40930107,52.17278984,49.36598019,0,45.607017,57.7754273,28.01785145,84.05355436,37.16180835,73.35529974,73.1641989,15.62049935,41.62931659,62.96824597,38.83297568,20.09975124,67.94115101,74.79304781,70.21395873,28.3019434,57.218878,14,48.05205511,85.70297544,32.01562119,83.24061509,43.28972164,33.52610923,20.22374842,90.52071586,84.52810184,62.64183905,73.40980861,22.36067977,11.18033989,28.3019434,35.4682957,17.20465053,22.56102835,20.59126028,18.68154169,68.02940541,50.60632372,61.6116872,54.12947441,53.23532662,41.59326869,47.70744177,37.73592453,69.85699679,52.88667129,69.64194139,61.68468205,73.55270219,37.01351105,13.03840481,33.30165161,67.89698079,79.81227976,60.41522987,62.22539674,49.24428901,18.43908891,82.32860985,89.20201791
36.40054945,47.20169488,51.623638,39.05124838,6,28.8444102,51.0881591,62.20128616,45.607017,0,36.138622,20.61552813,43.829214,62.96824597,53.93514624,28.3019434,32.06243908,37.48332963,59.9082632,68.9637586,27.78488798,34.525353,32.64965543,52.63078947,69.11584478,66.52818951,59.22837158,64.35060217,45,65.30696747,45.17742799,49.81967483,25.05992817,28.3019434,56.30275304,40.60788101,17.08800749,35.84689666,58.82176468,53.71219601,31.38470965,37.44329045,34.05877273,50.009999,61.77378085,64.28841264,24.08318916,37,75.2861209,9.055385138,19.23538406,5.830951895,14.56021978,34.17601498,82.07313811,26.92582404,47.51841748,16.15549442,40.02499219,14.76482306,51.4781507,43.0464865,37.12142239,46.66904756,29.15475947,32,32.01562119,48.37354649,45.18849411,49.92995093
60.40695324,81.84130986,81.56592426,73.35529974,41.97618372,60.74537019,85.08818954,93.08598176,57.7754273,36.138622,0,33.30165161,72.78049189,88.72992731,90.02777349,52.20153254,52.63078947,70.83078427,94.81033699,93.00537619,39.11521443,69.0651866,61.18823416,88.76936408,68.00735254,98.81295462,70.83784299,94.17536833,73.24616031,87.36704184,75.95393341,81.60882305,24.69817807,38.58756276,88.5663593,64.25729531,41.59326869,68.18357573,57.00877125,59.43904441,60.44005295,68.81860214,56.72741841,73.40980861,63.19810124,73.24616031,51.7880295,9.219544457,106.6677083,34,18,32.31098884,50.69516742,21.21320344,114.2015762,9.219544457,83.5463943,41.43669871,74,27.20294102,54.91812087,31.06444913,72.24956747,24.08318916,11.66190379,67.60177512,8.544003745,70.21395873,76.65507159,79.07591289
57.00877125,52.39274759,48.82622246,43.93176527,24.8394847,30.08321791,54.70831747,60.46486583,28.01785145,20.61552813,33.30165161,0,63.89053138,55.4436651,66.2721661,48.82622246,19.41648784,40.52159918,65.2533524,59.9082632,8.062257748,51.89412298,53.03772242,64.07027392,48.76474136,66.73080248,42.01190308,61.22091146,65.19202405,54.58937626,64.63745044,49.64876635,9.848857802,8.246211251,74.70609078,61.22091146,37.21558813,54.91812087,38.27531842,34.20526275,28.17800561,37.16180835,23.43074903,40.22437072,41.62931659,46.17358552,44.68780594,28.8444102,74.06078585,27.73084925,25.3179778,15.26433752,29.54657341,19.41648784,81.83520025,26.41968963,60.67124525,36.35931793,57.69748695,9,31.38470965,24.73863375,53.48831648,52.92447449,33.24154028,47.75981575,25.49509757,37.21558813,64.35060217,69.8140387
14.56021978,53.03772242,69.58448103,50.35871325,39.05124838,52.92447449,58.07753438,75.00666637,84.05355436,43.829214,72.78049189,63.89053138,0,85.15867542,38.91015292,21.02379604,68.50547423,52.95280918,59.66573556,92.39588735,70.00714249,19.10497317,11.70469991,40.85339643,110.6345335,74.54528825,95.8801335,79.00632886,2,91.92388155,5.656854249,64.19501538,68.79680225,70.72481884,18.02775638,13.03840481,31.32091953,11.40175425,101.1385189,94.02127419,59.09314681,57.97413216,68.09552114,78.4346862,102.9417311,101.8724693,21.1896201,77.1621669,83.86298349,40.31128874,55.36244214,49.64876635,36.40054945,77.41446893,87.32124598,64.56004957,33.83784863,31.6227766,16.2788206,58.52349955,92.84934033,86.82165628,22.02271555,69.46221995,61.81423784,25.3179778,72.11102551,78.92401409,7.810249676,6.32455532
88,34.88552709,15.8113883,34.92849839,61.13100686,35.51056181,31.06444913,17.49285568,37.16180835,62.96824597,88.72992731,55.4436651,85.15867542,0,57.98275606,83.29465769,36.12478374,32.24903099,38.20994635,7.280109889,50.20956084,66.09841148,80.05623024,54.3783045,58,25.07987241,34.0147027,13.92838828,87.13208364,10.29563014,82,21.9317122,64.38167441,50.93132631,83.93449827,91.04943712,76.68767828,73.8241153,57.07013229,45.12205669,31.6227766,28.01785145,32.01562119,15.62049935,52.23983155,39.11521443,77.23341246,83.43860018,26.01922366,71.78439942,78.39005039,62.16912417,55.57877293,71.58910532,34.0147027,81.60882305,57.69748695,75.70997292,70.09279564,62.68173578,49.04079934,69.64194139,63.78871374,107.1867529,87.66413178,59.8414572,80.72174428,19.41648784,80.28075735,88.29496022
49.81967483,23.43074903,42.80186912,27.45906044,48.05205511,39.56008089,26.92582404,43.08131846,73.35529974,53.93514624,90.02777349,66.2721661,38.91015292,57.98275606,0,50.99019514,59.23681288,31.90611227,23.19482701,65,68.44705983,24.8394847,41.77319715,3.605551275,101.5972441,39.81205847,80.80222769,47.5394573,40.71854614,67.20119047,33.61547263,36.40054945,75.02666193,69.42621983,29,50.47771786,53.71219601,31.2409987,94.9368211,84.53401682,45.18849411,38.27531842,56.36488268,58.05170109,93.94147114,87.20091743,46.40043103,90.55385138,48.25971405,57.24508713,72.53275122,58.42088668,39.45883931,85.02352616,50.08991915,80.8084154,6.708203932,53.23532662,23.60084744,66.06814664,85.49268975,90.7964757,20.61552813,96.15092303,81.90848552,23.2594067,85.70880935,60.44005295,31.38470965,38.60051813
8.602325267,56.8594759,69.05070601,51.2445119,25.63201124,48.01041554,61.84658438,77.20103626,73.1641989,28.3019434,52.20153254,48.82622246,21.02379604,83.29465769,50.99019514,0,58.52349955,52.17278984,66.88796603,90.13878189,56.08029957,26.17250466,10.44030651,51.623638,97.41663102,78.92401409,86.33075929,80.52328856,21.21320344,88.02272434,25.17935662,65,51.623638,56.60388679,38.32753579,12.80624847,12.04159458,20.59126028,87.09190548,81.84130986,53.08483776,55.32630477,59.43904441,73.17103252,90.04998612,91.76055798,6.08276253,57.27128425,88.39117603,21.9317122,35.34119409,33.60059523,28.01785145,59.20304046,93.47192092,44.38468204,44.55333882,12.72792206,28.3019434,41.77319715,79.75587753,69.42621983,30.41381265,48.83646179,41,29.41088234,52.32590181,72.56031973,26.47640459,27.16615541
65.55150647,40.19950248,31.38470965,32.75667871,32.984845,19.6977156,41.01219331,42.95346319,15.62049935,32.06243908,52.63078947,19.41648784,68.50547423,36.12478374,59.23681288,58.52349955,0,28.44292531,52.0096145,40.49691346,14.4222051,52.34500931,59.48108943,56.30275304,43.41658669,49.979996,27.85677655,43.0464865,70.17834424,35.34119409,67.62396025,33.73425559,28.28427125,15.26433752,75.00666637,69.46221995,48.66210024,57.80138407,35.77708764,26.2488095,14.31782106,23.02172887,4.472135955,20.80865205,35.60898763,33.54101966,53.14132102,47.42362281,56.35601121,41.01219331,43.65775991,29.15475947,32.24903099,36.05551275,64.40496875,45.79301257,55.00909016,47.67598976,57.98275606,27.31300057,26.41968963,36.40054945,52.40229003,72.01388755,52.32590181,46.69047012,44.59820624,17.88854382,66.70832032,73.60027174
56.14267539,12.04159458,17.02938637,4.472135955,33.60059523,10.44030651,14.31782106,25.49509757,41.62931659,37.48332963,70.83078427,40.52159918,52.95280918,32.24903099,31.90611227,52.17278984,28.44292531,0,24.73863375,39.45883931,40.11234224,33.95585369,48.01041554,28.65309756,69.77105417,29.06888371,49.04079934,28.46049894,54.91812087,39.2173431,50,13,50.28916384,41.10960958,53.33854141,59.00847397,47.42362281,41.59326869,63.5688603,52.80151513,14.14213562,6.403124237,25,27.20294102,62.16912417,55.4436651,46.09772229,68.54195795,38.01315562,45,56.08029957,39.20459157,25.94224354,59.9082632,44.59820624,62.12889827,29,46.5188134,38.27531842,43.829214,54.08326913,63.19810124,31.95309062,84.14867795,66.06814664,27.65863337,64.40496875,29,48.38388161,56.32051136
68.02940541,13,25.49509757,21.54065923,55,35.17101079,11,21.40093456,62.96824597,59.9082632,94.81033699,65.2533524,59.66573556,38.20994635,23.19482701,66.88796603,52.0096145,24.73863375,0,44.59820624,64.62971453,42.15447782,59.50630219,20.02498439,89.84430978,16.76305461,66.85057965,25.8069758,61.6116872,48.27007354,54.91812087,19.92485885,75,65.62011887,52.08646657,69.64194139,65.8559033,49.979996,85.32877592,73.75635566,38.20994635,29.06888371,48.01041554,43.08131846,82.71033793,73.00684899,61.29437168,93.04837452,25.07987241,66.06814664,79.07591289,62.64982043,46.22769733,84.64632302,27.65863337,85.88364221,26.17250466,65.11528238,43.41658669,68.15423685,75.95393341,87.69264507,38.27531842,106.0424443,89.04493248,37.58989226,88.76936408,46.4865572,52.77309921,60.5309838
95.0210503,42.04759208,23.08679276,42.20189569,67.46851117,42.19004622,38.07886553,23.34523506,38.83297568,68.9637586,93.00537619,59.9082632,92.39588735,7.280109889,65,90.13878189,40.49691346,39.45883931,44.59820624,0,54.03702434,73.34848328,87.14355972,61.40032573,56.43580424,30.23243292,32.984845,19.20937271,94.36630755,7.280109889,89.26925563,29.15475947,68.41052551,54.67174773,91.1811384,98.12746812,83.18653737,81.04936767,56.92099788,45.31004304,37.85498646,35.0142828,36.7151195,19.72308292,51.41984053,37.21558813,84.09518417,87.20665112,29.12043956,77.88452991,83.63013811,67.77905281,62.28964601,74.96665926,36.49657518,86.28441342,64.88451279,82.20097323,77.36924454,67.60177512,49.65883607,72.00694411,71.06335202,112.2942563,92.66067127,67.08203932,84.81155582,22.8035085,87.55569656,95.56673061
64.07027392,52.15361924,45.61797891,44.01136217,31.2409987,30,53.75872022,57.24508713,20.09975124,27.78488798,39.11521443,8.062257748,70.00714249,50.20956084,68.44705983,56.08029957,14.4222051,40.11234224,64.62971453,54.03702434,0,56.60388679,59.54829972,65.9241989,41.34005322,64.07807737,34.05877273,57.45432969,71.42128534,48.25971405,70.29224708,47.4341649,14.4222051,1,79.61155695,68.24221567,44.72135955,60.44005295,31.2409987,26.2488095,26.47640459,35.6931366,18.86796226,34.6554469,34,38.11823711,51.6139516,33.24154028,70.71067812,35.4682957,33.13608305,22.84731932,34.40930107,21.63330765,78.71467462,33.24154028,63.3245608,43.829214,62.43396512,17.02938637,23.70653918,23.08679276,57.70615219,60.08327554,40.52159918,51.88448708,30.8058436,31.2409987,69.8140387,75.74298647
25.94224354,34.23448554,50.48762225,31.25699922,28.63564213,34.98571137,39.3192065,56.08029957,67.94115101,34.525353,69.0651866,51.89412298,19.10497317,66.09841148,24.8394847,26.17250466,52.34500931,33.95585369,42.15447782,73.34848328,56.60388679,0,17.49285568,25.49509757,95.52486587,56.08921465,78.81624198,60.00833275,21.09502311,73.08214556,16.15549442,45.09988914,58.82176468,57.45432969,23.02172887,27.51363298,29.73213749,8.062257748,86.83317338,78.49203781,41.34005322,39.2173431,51.2249939,60.00833275,87.7268488,85,21.63330765,71.25307011,65.51335742,35.12833614,51.0881591,40.02499219,22.36067977,68.41052551,69.57010852,60.00833275,18.38477631,29.41088234,5.830951895,48.76474136,77.98717843,76.32168761,4.242640687,72.23572523,59.68249325,6.32455532,66.18912297,60.8276253,14.76482306,22.47220505
8.544003745,50.69516742,65.03076195,46.27094121,28.31960452,45.89117562,55.78530272,72.00694411,74.79304781,32.64965543,61.18823416,53.03772242,11.70469991,80.05623024,41.77319715,10.44030651,59.48108943,48.01041554,59.50630219,87.14355972,59.54829972,17.49285568,0,42.80186912,100.6031809,72.80109889,87.23531395,75.66372975,12.52996409,85.84287973,15,60.29925373,57.42821606,60.20797289,28.0713377,11,19.6468827,10.63014581,90.78546139,84.31488599,51.66236541,52.15361924,59.61543424,71.58910532,93.00537619,93.02150289,9.486832981,65.4599114,82.28000972,28.63564213,43.68065934,38.41874542,27.31300057,65.8634952,86.72946443,52.88667129,35.60898763,19.92485885,18.43908891,47.20169488,82.80096618,75.45197148,21.63330765,59.22837158,50.35871325,22.13594362,60.40695324,71.56814934,16.1245155,18.02775638
51.03920062,19.84943324,39.20459157,24.18677324,46.84015371,36.68787266,23.32380758,39.56008089,70.21395873,52.63078947,88.76936408,64.07027392,40.85339643,54.3783045,3.605551275,51.623638,56.30275304,28.65309756,20.02498439,61.40032573,65.9241989,25.49509757,42.80186912,0,98.41239759,36.49657518,77.4209274,44.01136217,42.72001873,63.60031446,35.73513677,32.80243893,73.00684899,66.91038783,32.06243908,51.97114584,53.53503526,32.44996148,91.92388155,81.39410298,42.15447782,34.98571137,53.31041174,54.56189146,90.78546139,83.81527307,46.75467891,88.95504483,45.09988914,56.46237685,71.47027354,56.88585061,38.07886553,83.00602388,47.26520919,79.55501241,7.211102551,53,25.05992817,64.28063472,82.46211251,88.45903006,21.26029163,95.77055915,80.99382693,23.02172887,84.17244205,57.00877125,33.52610923,41
105.394497,80.23091673,64.76109943,74.24284477,72.42237223,62.68173578,79.37883849,73.55270219,28.3019434,69.11584478,68.00735254,48.76474136,110.6345335,58,101.5972441,97.41663102,43.41658669,69.77105417,89.84430978,56.43580424,41.34005322,95.52486587,100.6031809,98.41239759,0,81.61494961,24.0208243,71.1758386,112.1605991,49.25444142,110.3449138,69.92138443,49.04079934,40.81666326,118.3427226,109.5536398,85.95929269,100.448992,11.18033989,17.20465053,56.60388679,63.50590524,45.48626166,47.07440918,7.810249676,19.23538406,92.91393867,59.00847397,84.00595217,76.47875522,70.60453243,64.00781202,74.33034374,47.16990566,92.00543462,66.75327707,97.94386147,85.08818954,101.2373449,56.8594759,17.80449381,37.01351105,95.77577982,92.04890005,74.81310046,90.02777349,60.13318551,43.41658669,109.603832,116.1034022
81.32035416,22.13594362,18.68154169,28.3019434,62.62587325,38.28837944,17.08800749,8.062257748,57.218878,66.52818951,98.81295462,66.73080248,74.54528825,25.07987241,39.81205847,78.92401409,49.979996,29.06888371,16.76305461,30.23243292,64.07807737,56.08921465,72.80109889,36.49657518,81.61494961,0,57.70615219,11.18033989,76.53103945,35.34119409,70.17834424,17.20465053,76.53757247,65,68.46897107,83.43260753,75.80237463,64.13267498,79.00632886,67,38.58756276,30,45.54119015,35,75.16648189,63.34824386,73.00684899,95.52486587,9.486832981,74.02702209,84.89994111,67.94115101,54.64430437,85.42833254,15.55634919,90.42676595,42.04759208,74.94664769,58.30951895,71.61005516,70.11419257,86.33075929,52.61178575,113.1724348,94.84724561,50.69516742,91.80958556,39.01281841,68.11754546,76.05918748
93.40770846,58.30951895,41.43669871,53.41348144,60.7289058,44.04543109,56.79788728,49.64876635,14,59.22837158,70.83784299,42.01190308,95.8801335,34.0147027,80.80222769,86.33075929,27.85677655,49.04079934,66.85057965,32.984845,34.05877273,78.81624198,87.23531395,77.4209274,24.0208243,57.70615219,0,47.16990566,97.61659695,25.70992026,94.57801013,47.01063709,47.07440918,34.13209633,100.7670581,97.30878686,76.15773106,84.90583019,24.16609195,13.45362405,37.64306045,42.63801121,27.78488798,23.76972865,18.43908891,6.403124237,80.99382693,63.1585307,60,67.89698079,67.18630813,55.4436651,59.93329626,50.15974482,68.02940541,66.49060084,77.98717843,75.18643495,84.20213774,51.00980298,18.38477631,43.829214,78.24321057,93.39164845,74.14849965,72.80109889,62.29767251,20.59126028,93.47726996,100.7025322
84.01190392,26.17250466,12.80624847,29.42787794,61.29437168,35.51056181,21.37755833,4.472135955,48.05205511,64.35060217,94.17536833,61.22091146,79.00632886,13.92838828,47.5394573,80.52328856,43.0464865,28.46049894,25.8069758,19.20937271,57.45432969,60.00833275,75.66372975,44.01136217,71.1758386,11.18033989,47.16990566,0,81.0061726,24.16609195,75.16648189,15.5241747,70.80254233,58.30951895,75.18643495,86.57944329,75.76938696,68.02940541,69.26037828,57.218878,33.9705755,26.92582404,38.58756276,25.49509757,65,52.61178575,74.46475676,90,13.60147051,72.56031973,81.68843247,64.81512169,54.23098745,79.07591289,21.84032967,86.2670273,48.50773134,74.8465096,63.12685641,67.17886572,60.67124525,78.79086241,57.03507693,110.4219181,91.43850392,54.08326913,86.68333173,29.61418579,73.24616031,81.3019065
14.14213562,55.03635162,71.56814934,52.34500931,40.36087214,54.7813837,60.07495318,77.00649323,85.70297544,45,73.24616031,65.19202405,2,87.13208364,40.71854614,21.21320344,70.17834424,54.91812087,61.6116872,94.36630755,71.42128534,21.09502311,12.52996409,42.72001873,112.1605991,76.53103945,97.61659695,81.0061726,0,93.86160024,7.211102551,66.18912297,69.89277502,72.12489168,18.78829423,12.08304597,31.95309062,13.34166406,102.5914226,95.60334722,60.92618485,59.9082632,69.83552105,80.32434251,104.4844486,103.5857133,21.9317122,77.83315489,85.84287973,41.14608122,55.97320788,50.80354318,38.01315562,78.39005039,89.26925563,65.1459899,35.73513677,32.31098884,18.24828759,59.6405902,94.36630755,87.92041856,24.0208243,69.26037828,62.16912417,27.29468813,72.80109889,80.77747211,9.433981132,6
93.43446901,43.829214,24.41311123,42.54409477,64.38167441,40.11234224,40.45985665,27.78488798,32.01562119,65.30696747,87.36704184,54.58937626,91.92388155,10.29563014,67.20119047,88.02272434,35.34119409,39.2173431,48.27007354,7.280109889,48.25971405,73.08214556,85.84287973,63.60031446,49.25444142,35.34119409,25.70992026,24.16609195,93.86160024,0,89.18520057,30.8058436,62.68173578,48.82622246,92.13576938,96.74709298,80.30566605,80.52328856,49.64876635,38.07886553,35.0142828,33.95585369,31.95309062,15.29705854,44.14748011,30.06659276,82.0548597,81.21576202,35.51056181,74.33034374,78.92401409,63.60031446,60.00833275,68.76772499,43.18564576,81.0061726,66.37017402,79.30952024,77.49193506,62.64982043,42.48529157,65.29931087,71.16881339,107.3545528,87.66413178,66.76076692,79.0569415,17.4642492,87.59566199,95.50916186
19.6977156,49.04079934,66.28725368,47.07440918,39.96248241,51,54.00925847,71.06335202,83.24061509,45.17742799,75.95393341,64.63745044,5.656854249,82,33.61547263,25.17935662,67.62396025,50,54.91812087,89.26925563,70.29224708,16.15549442,15,35.73513677,110.3449138,70.17834424,94.57801013,75.16648189,7.211102551,89.18520057,0,60.67124525,70.23531875,71.06335202,13.15294644,18.60107524,34.36568055,9.899494937,101.1780609,93.50935782,57.30619513,55.36244214,66.85057965,76.15773106,102.5914226,100.6876358,24.18677324,79.81227976,79.40403012,42.72001873,58.24946352,51,36.06937759,79.20227269,82.56512581,67.46851117,28.86173938,34.525353,12.04159458,59.94163828,92.63368718,88.19297024,18.24828759,73.97972695,65.27633568,22.47220505,74.72616677,76.92203845,2.236067977,6.32455532
68.59300256,13.03840481,6.403124237,14.03566885,46.32493929,21.21320344,10,12.52996409,43.28972164,49.81967483,81.60882305,49.64876635,64.19501538,21.9317122,36.40054945,65,33.73425559,13,19.92485885,29.15475947,47.4341649,45.09988914,60.29925373,32.80243893,69.92138443,17.20465053,47.01063709,15.5241747,66.18912297,30.8058436,60.67124525,0,59.48108943,48.38388161,62.03224968,71.25307011,60.41522987,53.03772242,65.62011887,53.93514624,21.47091055,12.80624847,29.42787794,23.2594067,62.8171951,53.22593353,58.94064811,78.39005039,25.49509757,57.68882041,67.88225099,50.91168825,38.91015292,68.54195795,32.64965543,73.24616031,35.77708764,59.50630219,48.66210024,54.40588203,56.32051136,70.09279564,42.42640687,96.33275663,77.79460136,39.01281841,74.62573283,26.57066051,58.85575588,66.91038783
60.14149982,62.09669879,58.52349955,53.60037313,30.46309242,39.84971769,64.51356447,70.17834424,33.52610923,25.05992817,24.69817807,9.848857802,68.79680225,64.38167441,75.02666193,51.623638,28.28427125,50.28916384,75,68.41052551,14.4222051,58.82176468,57.42821606,73.00684899,49.04079934,76.53757247,47.07440918,70.80254233,69.89277502,62.68173578,70.23531875,59.48108943,0,13.89244399,81.15417426,64.38167441,39.59797975,60.8358447,37.94733192,37,38.01315562,47.01063709,32.55764119,48.91829923,42.75511665,50.24937811,48.41487375,19.20937271,83.76156637,29.69848481,21.58703314,19.23538406,36.87817783,10,91.58602513,19.41648784,69.18092223,38.89730068,64.51356447,10.29563014,33.13608305,18.02775638,60.87692502,46.32493929,27.16615541,55.31726674,16.40121947,45.607017,70.21395873,74.94664769
64.63745044,53.15072906,46.5188134,45.01110974,31.89043744,31,54.74486277,58.13776741,20.22374842,28.3019434,38.58756276,8.246211251,70.72481884,50.93132631,69.42621983,56.60388679,15.26433752,41.10960958,65.62011887,54.67174773,1,57.45432969,60.20797289,66.91038783,40.81666326,65,34.13209633,58.30951895,72.12489168,48.82622246,71.06335202,48.38388161,13.89244399,0,80.45495634,68.81860214,45.17742799,61.22091146,30.61045573,25.96150997,27.45906044,36.67424164,19.72308292,35.35533906,33.54101966,38.05259518,52.20153254,32.55764119,71.58910532,35.84689666,33.06055051,23.2594067,35.22782991,20.80865205,79.60527621,32.89376841,64.28841264,44.29446918,63.28506933,17.11724277,23.2594067,22.09072203,58.5918083,59.77457654,40.26164428,52.77309921,30.23243292,31.89043744,70.60453243,76.4852927
32.57299495,49.33558553,68.15423685,49.64876635,50.69516742,56.72741841,53.85164807,70.83078427,90.52071586,56.30275304,88.5663593,74.70609078,18.02775638,83.93449827,29,38.32753579,75.00666637,53.33854141,52.08646657,91.1811384,79.61155695,23.02172887,28.0713377,32.06243908,118.3427226,68.46897107,100.7670581,75.18643495,18.78829423,92.13576938,13.15294644,62.03224968,81.15417426,80.45495634,0,30.87069808,47.09564736,20.61552813,109.808925,101.2373449,63.12685641,59.36328832,73.55270219,80.45495634,110.5350623,107.0560601,37.01351105,91.98369421,77.1621669,54.91812087,70.71067812,62.03224968,45.27692569,90.47651629,79.0569415,79.906195,26.68332813,47.16990566,17.20465053,70.9365914,100.895986,98.89893832,22.627417,87.13208364,78.10249676,28.31960452,86.88498144,81.84130986,12,13.60147051
4.242640687,61.39218191,76.02631123,57.218878,37.21558813,56.71860365,66.49060084,82.87339742,84.52810184,40.60788101,64.25729531,61.22091146,13.03840481,91.04943712,50.47771786,12.80624847,69.46221995,59.00847397,69.64194139,98.12746812,68.24221567,27.51363298,11,51.97114584,109.5536398,83.43260753,97.30878686,86.57944329,12.08304597,96.74709298,18.60107524,71.25307011,64.38167441,68.81860214,30.87069808,0,24.8394847,19.6977156,99.40321926,93.64827815,62.36986452,63.12685641,69.89277502,82.37718131,102.0832993,102.9563014,16.64331698,69.77105417,92.89241088,34.71310992,47.88527958,46.09772229,37.64306045,72.00694411,97.08243919,56.79788728,44.77722635,25.49509757,26.92582404,54.45181356,91.80958556,82.21921916,31.38470965,58.00862005,52.81098371,32.75667871,64.88451279,82.22530024,20.61552813,17.72004515
20.61552813,54.40588203,63.5688603,47.50789408,16,41.23105626,59.07622195,72.9177619,62.64183905,17.08800749,41.59326869,37.21558813,31.32091953,76.68767828,53.71219601,12.04159458,48.66210024,47.42362281,65.8559033,83.18653737,44.72135955,29.73213749,19.6468827,53.53503526,85.95929269,75.80237463,76.15773106,75.76938696,31.95309062,80.30566605,34.36568055,60.41522987,39.59797975,45.17742799,47.09564736,24.8394847,0,27.07397274,75.47184906,70.77428912,45.39823785,49.33558553,50.15974482,65.12296062,78.71467462,81.32035416,10.19803903,45.88027899,85.08818954,9.899494937,24.04163056,21.9544984,21.54065923,47.20169488,90.97252332,33.24154028,47.01063709,1,33.73425559,29.83286778,68.42514158,57.38466694,33.61547263,42.54409477,31.01612484,30.52867504,40.85339643,64,35.12833614,37.64306045
18.60107524,42.29657197,58.30951895,39.11521443,30.41381265,41.62931659,47.38143096,64.12487817,73.40980861,35.84689666,68.18357573,54.91812087,11.40175425,73.8241153,31.2409987,20.59126028,57.80138407,41.59326869,49.979996,81.04936767,60.44005295,8.062257748,10.63014581,32.44996148,100.448992,64.13267498,84.90583019,68.02940541,13.34166406,80.52328856,9.899494937,53.03772242,60.8358447,61.22091146,20.61552813,19.6977156,27.07397274,0,91.28526716,83.63013811,47.85394446,46.57252409,57.14017851,67.06713055,92.6984358,90.97252332,17.4642492,71.38627319,73.54590403,34.36568055,50.24937811,41.62931659,26.17250466,70.00714249,77.49193506,59.41380311,25.23885893,27.01851217,7.810249676,50.56678752,82.73451517,78.71467462,11.70469991,68.68041933,58.00862005,14.03566885,66.28725368,67.62396025,9.433981132,15.8113883
95.21029356,74.72616677,61.13100686,68.00735254,62.48199741,55.4616985,74.52516354,71.02816343,22.36067977,58.82176468,57.00877125,38.27531842,101.1385189,57.07013229,94.9368211,87.09190548,35.77708764,63.5688603,85.32877592,56.92099788,31.2409987,86.83317338,90.78546139,91.92388155,11.18033989,79.00632886,24.16609195,69.26037828,102.5914226,49.64876635,101.1780609,65.62011887,37.94733192,30.61045573,109.808925,99.40321926,75.47184906,91.28526716,0,12.04159458,49.76946855,57.56735186,38.62641583,44.01136217,7.211102551,22.02271555,82.80096618,48.09365863,82.60750571,65.8634952,59.48108943,53.53503526,65.11528238,36.05551275,90.7964757,55.57877293,90.78546139,74.62573283,92.61749295,46.06517123,9.486832981,26.17250466,87.4185335,81.0061726,63.63961031,81.60882305,49.04079934,40,100.5683847,106.7754653
89.55445271,63.5688603,49.25444142,57.27128425,56.43580424,45.48626166,63.0634601,59.00847397,11.18033989,53.71219601,59.43904441,34.20526275,94.02127419,45.12205669,84.53401682,81.84130986,26.2488095,52.80151513,73.75635566,45.31004304,26.2488095,78.49203781,84.31488599,81.39410298,17.20465053,67,13.45362405,57.218878,95.60334722,38.07886553,93.50935782,53.93514624,37,25.96150997,101.2373449,93.64827815,70.77428912,83.63013811,12.04159458,0,39.44616585,46.61544808,28.3019434,32,9.433981132,13.92838828,77.02596965,51.2445119,70.57619995,61.68468205,58.21511831,49.04079934,57.62811814,38.32753579,78.77182237,56.14267539,80.77747211,69.85699679,84.17244205,42.95346319,5,30.88689042,78.64477096,82.73451517,64.07027392,72.9177619,50.99019514,28.01785145,92.6984358,99.35793879
58.85575588,26.01922366,21.21320344,18.43908891,29.61418579,6.403124237,27.29468813,32.64965543,28.3019434,31.38470965,60.44005295,28.17800561,59.09314681,31.6227766,45.18849411,53.08483776,14.31782106,14.14213562,38.20994635,37.85498646,26.47640459,41.34005322,51.66236541,42.15447782,56.60388679,38.58756276,37.64306045,33.9705755,60.92618485,35.0142828,57.30619513,21.47091055,38.01315562,27.45906044,63.12685641,62.36986452,45.39823785,47.85394446,49.76946855,39.44616585,0,9.219544457,11.18033989,20.09975124,48.87739764,43.93176527,47.16990566,56.93856338,46.22769733,40.16217126,47.80167361,31.06444913,25.07987241,47.16990566,53.82378656,52.34500931,41.34005322,44.40720662,46.61544808,33.30165161,40.31128874,49.49747468,40.60788101,76.6093989,57.48912941,35.22782991,53.25410782,19.92485885,56.08029957,63.5295207
60.00833275,17.2626765,14.31782106,10.81665383,34.43835072,8.602325267,18.11077028,24.8394847,35.4682957,37.44329045,68.81860214,37.16180835,57.97413216,28.01785145,38.27531842,55.32630477,23.02172887,6.403124237,29.06888371,35.0142828,35.6931366,39.2173431,52.15361924,34.98571137,63.50590524,30,42.63801121,26.92582404,59.9082632,33.95585369,55.36244214,12.80624847,47.01063709,36.67424164,59.36328832,63.12685641,49.33558553,46.57252409,57.56735186,46.61544808,9.219544457,0,19.23538406,21.09502311,55.94640292,49.04079934,49.25444142,65.76473219,38.18376618,45.65084884,55.1724569,38.20994635,27.89265136,56.30275304,45.45327271,60.44005295,35.38361203,48.38388161,43.8634244,41.61730409,48.08326112,58.69412236,37.57658846,83.73768566,65.05382387,32.89376841,61.91122677,22.6715681,53.85164807,61.68468205
66.09841148,36.49657518,26.92582404,29.41088234,34.23448554,17.20465053,37.01351105,38.48376281,17.20465053,34.05877273,56.72741841,23.43074903,68.09552114,32.01562119,56.36488268,59.43904441,4.472135955,25,48.01041554,36.7151195,18.86796226,51.2249939,59.61543424,53.31041174,45.48626166,45.54119015,27.78488798,38.58756276,69.83552105,31.95309062,66.85057965,29.42787794,32.55764119,19.72308292,73.55270219,69.89277502,50.15974482,57.14017851,38.62641583,28.3019434,11.18033989,19.23538406,0,17,37.73592453,33.83784863,53.85164807,51.73973328,51.88448708,43.10452412,47.01063709,31.78049716,32.31098884,40.49691346,59.93329626,49.64876635,52.47856705,49.16299421,56.72741841,30.88689042,29.15475947,40.80441153,50.93132631,75.59100476,55.94640292,45.3431362,48.7954916,14.56021978,65.80273551,72.9451849
78.91767863,35,17.72004515,31.2409987,49.16299421,25.70992026,33.12099032,27.01851217,22.56102835,50.009999,73.40980861,40.22437072,78.4346862,15.62049935,58.05170109,73.17103252,20.80865205,27.20294102,43.08131846,19.72308292,34.6554469,60.00833275,71.58910532,54.56189146,47.07440918,35,23.76972865,25.49509757,80.32434251,15.29705854,76.15773106,23.2594067,48.91829923,35.35533906,80.45495634,82.37718131,65.12296062,67.06713055,44.01136217,32,20.09975124,21.09502311,17,0,40.31128874,29.96664813,67.26812024,67.89698079,39.05124838,59.03388857,63.97655821,48.38388161,45.17742799,55.97320788,47.29693436,66.57326791,55.97320788,64.12487817,64.84597135,47.88527958,35.22782991,54.20332093,58.5918083,92.59049627,72.9451849,53.71219601,65.29931087,4.123105626,74.73285757,82.46211251
97.94386147,72.80109889,57.87054518,66.64082833,64.89992296,54.91812087,72.12489168,67.11929678,20.59126028,61.77378085,63.19810124,41.62931659,102.9417311,52.23983155,93.94147114,90.04998612,35.60898763,62.16912417,82.71033793,51.41984053,34,87.7268488,93.00537619,90.78546139,7.810249676,75.16648189,18.43908891,65,104.4844486,44.14748011,102.5914226,62.8171951,42.75511665,33.54101966,110.5350623,102.0832993,78.71467462,92.6984358,7.211102551,9.433981132,48.87739764,55.94640292,37.73592453,40.31128874,0,15.26433752,85.44003745,54.45181356,78.10249676,69.35416354,64.32728814,56.79788728,66.60330322,42.04759208,86.20904825,61.13100686,90.21086409,77.82673063,93.43446901,49.979996,10.29563014,32.75667871,87.96590248,87.05170877,69.18092223,82.21921916,55.03635162,36.49657518,101.8331969,108.3743512
99.00505038,64.66065264,47.5394573,59.81638571,66.12866247,50.32891813,63.0634601,55.31726674,18.68154169,64.28841264,73.24616031,46.17358552,101.8724693,39.11521443,87.20091743,91.76055798,33.54101966,55.4436651,73.00684899,37.21558813,38.11823711,85,93.02150289,83.81527307,19.23538406,63.34824386,6.403124237,52.61178575,103.5857133,30.06659276,100.6876358,53.22593353,50.24937811,38.05259518,107.0560601,102.9563014,81.32035416,90.97252332,22.02271555,13.92838828,43.93176527,49.04079934,33.83784863,29.96664813,15.26433752,0,86.53900855,65.1459899,65.12296062,72.78049189,71,60.20797289,65.76473219,52.20153254,73.02739212,69.58448103,84.3860178,80.36168241,90.42676595,55.14526272,18.78829423,44.72135955,84.50443775,96.33794683,77.41446893,79.0253124,64.76109943,26.92582404,99.62429423,106.780148
12.52996409,50.99019514,62.96824597,45.22167622,20.59126028,42,55.94640292,71.16881339,68.02940541,24.08318916,51.7880295,44.68780594,21.1896201,77.23341246,46.40043103,6.08276253,53.14132102,46.09772229,61.29437168,84.09518417,51.6139516,21.63330765,9.486832981,46.75467891,92.91393867,73.00684899,80.99382693,74.46475676,21.9317122,82.0548597,24.18677324,58.94064811,48.41487375,52.20153254,37.01351105,16.64331698,10.19803903,17.4642492,82.80096618,77.02596965,47.16990566,49.25444142,53.85164807,67.26812024,85.44003745,86.53900855,0,55.97320788,82.46211251,19.23538406,34.20526275,29.69848481,22.09072203,56.60388679,87.658428,43.41658669,39.8246155,10.44030651,24.69817807,38.28837944,75.16648189,66.4003012,25.8069758,51.2445119,41.10960958,24.08318916,50.92150823,66.75327707,25.01999201,27.51363298
65.74191966,80.05623024,77.66595136,71.51223672,43,58.18075283,82.85529555,89.30845425,50.60632372,37,9.219544457,28.8444102,77.1621669,83.43860018,90.55385138,57.27128425,47.42362281,68.54195795,93.04837452,87.20665112,33.24154028,71.25307011,65.4599114,88.95504483,59.00847397,95.52486587,63.1585307,90,77.83315489,81.21576202,79.81227976,78.39005039,19.20937271,32.55764119,91.98369421,69.77105417,45.88027899,71.38627319,48.09365863,51.2445119,56.93856338,65.76473219,51.73973328,67.89698079,54.45181356,65.1459899,55.97320788,0,102.9028668,37.10795063,21.9317122,32.14031736,51.15662225,13,110.6752005,13.03840481,84.29116205,45.54119015,76.53103945,25,46.57252409,22,74.06078585,33.24154028,19.20937271,69,5.099019514,64.44377394,80.28075735,83.48652586
90.80198236,31.6227766,25.23885893,37.58989226,71.61005516,46.69047012,26.57066051,13.60147051,61.6116872,75.2861209,106.6677083,74.06078585,83.86298349,26.01922366,48.25971405,88.39117603,56.35601121,38.01315562,25.07987241,29.12043956,70.71067812,65.51335742,82.28000972,45.09988914,84.00595217,9.486832981,60,13.60147051,85.84287973,35.51056181,79.40403012,25.49509757,83.76156637,71.58910532,77.1621669,92.89241088,85.08818954,73.54590403,82.60750571,70.57619995,46.22769733,38.18376618,51.88448708,39.05124838,78.10249676,65.12296062,82.46211251,102.9028668,0,83.00602388,93.34880824,76.38062582,63.81222453,92.28217596,8.246211251,98.49365462,51.00980298,84.21995013,67.60177512,79.51100553,74.14849965,92.30926281,61.98386887,121.8277472,103.2375901,60.16643583,99.40321926,43.17406629,77.31752712,85.21150157
30.47950131,53.75872022,59.94163828,46.01086828,11.40175425,37.12142239,58,70.17834424,54.12947441,9.055385138,34,27.73084925,40.31128874,71.78439942,57.24508713,21.9317122,41.01219331,45,66.06814664,77.88452991,35.4682957,35.12833614,28.63564213,56.46237685,76.47875522,74.02702209,67.89698079,72.56031973,41.14608122,74.33034374,42.72001873,57.68882041,29.69848481,35.84689666,54.91812087,34.71310992,9.899494937,34.36568055,65.8634952,61.68468205,40.16217126,45.65084884,43.10452412,59.03388857,69.35416354,72.78049189,19.23538406,37.10795063,83.00602388,0,16,12.64911064,19.84943324,37.44329045,89.49860334,25.07987241,50.59644256,9.219544457,40,20,59.09314681,47.50789408,38.47076812,40,24.73863375,34.20526275,32.01562119,57.42821606,43.17406629,46.61544808
43.829214,66.28725368,68.8839604,58.00862005,24.69817807,46.66904756,70,79.9812478,53.23532662,19.23538406,18,25.3179778,55.36244214,78.39005039,72.53275122,35.34119409,43.65775991,56.08029957,79.07591289,83.63013811,33.13608305,51.0881591,43.68065934,71.47027354,70.60453243,84.89994111,67.18630813,81.68843247,55.97320788,78.92401409,58.24946352,67.88225099,21.58703314,33.06055051,70.71067812,47.88527958,24.04163056,50.24937811,59.48108943,58.21511831,47.80167361,55.1724569,47.01063709,63.97655821,64.32728814,71,34.20526275,21.9317122,93.34880824,16,0,16.97056275,33.61547263,25.8069758,100.448992,9.219544457,65.96969001,23.76972865,56,16.4924225,54.58937626,36.89173349,54.33231083,28.8444102,10,49.81967483,17,61.46543744,58.85575588,61.68468205
41.86884283,49.73932046,52.0096145,41.34005322,11.40175425,29.69848481,53.25410782,63.03173804,41.59326869,5.830951895,32.31098884,15.26433752,49.64876635,62.16912417,58.42088668,33.60059523,29.15475947,39.20459157,62.64982043,67.77905281,22.84731932,40.02499219,38.41874542,56.88585061,64.00781202,67.94115101,55.4436651,64.81512169,50.80354318,63.60031446,51,50.91168825,19.23538406,23.2594067,62.03224968,46.09772229,21.9544984,41.62931659,53.53503526,49.04079934,31.06444913,38.20994635,31.78049716,48.38388161,56.79788728,60.20797289,29.69848481,32.14031736,76.38062582,12.64911064,16.97056275,0,19.02629759,28.46049894,83.48652586,23.2594067,52.15361924,21.09502311,45.607017,8.94427191,46.5188134,37.21558813,42.42640687,45.607017,26.90724809,37.12142239,27.29468813,46.32493929,50.99019514,55.75840744
33.95585369,33.9411255,42.05948169,26.40075756,8.94427191,20.09975124,38.28837944,51.42956348,47.70744177,14.56021978,50.69516742,29.54657341,36.40054945,55.57877293,39.45883931,28.01785145,32.24903099,25.94224354,46.22769733,62.28964601,34.40930107,22.36067977,27.31300057,38.07886553,74.33034374,54.64430437,59.93329626,54.23098745,38.01315562,60.00833275,36.06937759,38.91015292,36.87817783,35.22782991,45.27692569,37.64306045,21.54065923,26.17250466,65.11528238,57.62811814,25.07987241,27.89265136,32.31098884,45.17742799,66.60330322,65.76473219,22.09072203,51.15662225,63.81222453,19.84943324,33.61547263,19.02629759,0,46.69047012,70,41.48493703,33.13608305,20.61552813,28.17800561,27.16615541,56.5862174,54.08326913,24.04163056,59.81638571,43.38202393,18.43908891,46.27094121,44.72135955,35.4682957,41.77319715
67.80117993,71.80529228,67.11929678,63.34824386,39.84971769,49.47726751,74.04052944,78.77182237,37.73592453,34.17601498,21.21320344,19.41648784,77.41446893,71.58910532,85.02352616,59.20304046,36.05551275,59.9082632,84.64632302,74.96665926,21.63330765,68.41052551,65.8634952,83.00602388,47.16990566,85.42833254,50.15974482,79.07591289,78.39005039,68.76772499,79.20227269,68.54195795,10,20.80865205,90.47651629,72.00694411,47.20169488,70.00714249,36.05551275,38.32753579,47.16990566,56.30275304,40.49691346,55.97320788,42.04759208,52.20153254,56.60388679,13,92.28217596,37.44329045,25.8069758,28.46049894,46.69047012,0,100.2397127,19.92485885,79.15806971,46.61544808,74.04052944,19.6468827,33.73425559,11.18033989,70.61161378,45.01110974,27.89265136,65.11528238,13,52.34500931,79.30952024,83.6480723
95.27329112,36.7151195,33.12099032,43.60045871,78.10249676,53.81449619,31.90611227,21.47091055,69.85699679,82.07313811,114.2015762,81.83520025,87.32124598,34.0147027,50.08991915,93.47192092,64.40496875,44.59820624,27.65863337,36.49657518,78.71467462,69.57010852,86.72946443,47.26520919,92.00543462,15.55634919,68.02940541,21.84032967,89.26925563,43.18564576,82.56512581,32.64965543,91.58602513,79.60527621,79.0569415,97.08243919,90.97252332,77.49193506,90.7964757,78.77182237,53.82378656,45.45327271,59.93329626,47.29693436,86.20904825,73.02739212,87.658428,110.6752005,8.246211251,89.49860334,100.448992,83.48652586,70,100.2397127,0,105.8914539,53.75872022,90.13878189,71.06335202,87.00574694,82.37718131,100.4639239,65.80273551,128.724512,110.390217,64.62197769,107.0747403,51.41984053,80.41144197,88.1192374
52.80151513,72.9451849,73.55270219,64.49806199,32.75667871,52.20153254,76.32168761,84.95881355,52.88667129,26.92582404,9.219544457,26.41968963,64.56004957,81.60882305,80.8084154,44.38468204,45.79301257,62.12889827,85.88364221,86.28441342,33.24154028,60.00833275,52.88667129,79.55501241,66.75327707,90.42676595,66.49060084,86.2670273,65.1459899,81.0061726,67.46851117,73.24616031,19.41648784,32.89376841,79.906195,56.79788728,33.24154028,59.41380311,55.57877293,56.14267539,52.34500931,60.44005295,49.64876635,66.57326791,61.13100686,69.58448103,43.41658669,13.03840481,98.49365462,25.07987241,9.219544457,23.2594067,41.48493703,19.92485885,105.8914539,0,74.33034374,32.984845,65.03076195,19.10497317,52.0096145,31.01612484,63.12685641,26.92582404,8.062257748,58.42088668,8.485281374,63.63175308,68.0661443,70.88018059
43.829214,22.84731932,42.05948169,24.75883681,41.59326869,35.35533906,27.20294102,44.14748011,69.64194139,47.51841748,83.5463943,60.67124525,33.83784863,57.69748695,6.708203932,44.55333882,55.00909016,29,26.17250466,64.88451279,63.3245608,18.38477631,35.60898763,7.211102551,97.94386147,42.04759208,77.98717843,48.50773134,35.73513677,66.37017402,28.86173938,35.77708764,69.18092223,64.28841264,26.68332813,44.77722635,47.01063709,25.23885893,90.78546139,80.77747211,41.34005322,35.38361203,52.47856705,55.97320788,90.21086409,84.3860178,39.8246155,84.29116205,51.00980298,50.59644256,65.96969001,52.15361924,33.13608305,79.15806971,53.75872022,74.33034374,0,46.5295605,17.88854382,60,81.41252975,85.32877592,14.14213562,89.4427191,75.2861209,16.55294536,79.40403012,57.98275606,26.68332813,34.36568055
21.26029163,53.60037313,62.62587325,46.64761516,15,40.26164428,58.24946352,72.01388755,61.68468205,16.15549442,41.43669871,36.35931793,31.6227766,75.70997292,53.23532662,12.72792206,47.67598976,46.5188134,65.11528238,82.20097323,43.829214,29.41088234,19.92485885,53,85.08818954,74.94664769,75.18643495,74.8465096,32.31098884,79.30952024,34.525353,59.50630219,38.89730068,44.29446918,47.16990566,25.49509757,1,27.01851217,74.62573283,69.85699679,44.40720662,48.38388161,49.16299421,64.12487817,77.82673063,80.36168241,10.44030651,45.54119015,84.21995013,9.219544457,23.76972865,21.09502311,20.61552813,46.61544808,90.13878189,32.984845,46.5295605,0,33.54101966,29.06888371,67.53517602,56.72741841,33.24154028,42.95346319,31,30.01666204,40.49691346,63,35.22782991,37.94733192
26.2488095,37.01351105,54.34151268,35.17101079,34.20526275,40.22437072,42,59.03388857,73.55270219,40.02499219,74,57.69748695,16.2788206,70.09279564,23.60084744,28.3019434,57.98275606,38.27531842,43.41658669,77.36924454,62.43396512,5.830951895,18.43908891,25.05992817,101.2373449,58.30951895,84.20213774,63.12685641,18.24828759,77.49193506,12.04159458,48.66210024,64.51356447,63.28506933,17.20465053,26.92582404,33.73425559,7.810249676,92.61749295,84.17244205,46.61544808,43.8634244,56.72741841,64.84597135,93.43446901,90.42676595,24.69817807,76.53103945,67.60177512,40,56,45.607017,28.17800561,74.04052944,71.06335202,65.03076195,17.88854382,33.54101966,0,54.40588203,83.73768566,82.07923002,6.32455532,75.89466384,64.28063472,11.40175425,71.44928271,65.8634952,10.19803903,18.24828759
50.20956084,55.15432893,54.4885309,46.61544808,20.24845673,33.61547263,58.13776741,65.94694838,37.01351105,14.76482306,27.20294102,9,58.52349955,62.68173578,66.06814664,41.77319715,27.31300057,43.829214,68.15423685,67.60177512,17.02938637,48.76474136,47.20169488,64.28063472,56.8594759,71.61005516,51.00980298,67.17886572,59.6405902,62.64982043,59.94163828,54.40588203,10.29563014,17.11724277,70.9365914,54.45181356,29.83286778,50.56678752,46.06517123,42.95346319,33.30165161,41.61730409,30.88689042,47.88527958,49.979996,55.14526272,38.28837944,25,79.51100553,20,16.4924225,8.94427191,27.16615541,19.6468827,87.00574694,19.10497317,60,29.06888371,54.40588203,0,39.84971769,28.3019434,50.99019514,44.72135955,25.05992817,45.54119015,20.61552813,45.18849411,59.93329626,64.66065264
87.66413178,65.2533524,52.0096145,58.52349955,54.64430437,46.06517123,65.11528238,62.20128616,13.03840481,51.4781507,54.91812087,31.38470965,92.84934033,49.04079934,85.49268975,79.75587753,26.41968963,54.08326913,75.95393341,49.65883607,23.70653918,77.98717843,82.80096618,82.46211251,17.80449381,70.11419257,18.38477631,60.67124525,94.36630755,42.48529157,92.63368718,56.32051136,33.13608305,23.2594067,100.895986,91.80958556,68.42514158,82.73451517,9.486832981,5,40.31128874,48.08326112,29.15475947,35.22782991,10.29563014,18.78829423,75.16648189,46.57252409,74.14849965,59.09314681,54.58937626,46.5188134,56.5862174,33.73425559,82.37718131,52.0096145,81.41252975,67.53517602,83.73768566,39.84971769,0,25.94224354,78.40918314,78.40918314,60,72.62231062,46.5295605,31.144823,91.93475948,98.35141077
77.98717843,75.23961722,67.67569726,67.06713055,48.3011387,53.03772242,76.79192666,79.12016178,33.30165161,43.0464865,31.06444913,24.73863375,86.82165628,69.64194139,90.7964757,69.42621983,36.40054945,63.19810124,87.69264507,72.00694411,23.08679276,76.32168761,75.45197148,88.45903006,37.01351105,86.33075929,43.829214,78.79086241,87.92041856,65.29931087,88.19297024,70.09279564,18.02775638,22.09072203,98.89893832,82.21921916,57.38466694,78.71467462,26.17250466,30.88689042,49.49747468,58.69412236,40.80441153,54.20332093,32.75667871,44.72135955,66.4003012,22,92.30926281,47.50789408,36.89173349,37.21558813,54.08326913,11.18033989,100.4639239,31.01612484,85.32877592,56.72741841,82.07923002,28.3019434,25.94224354,0,78.10889834,55.14526272,38.89730068,72.42237223,23.53720459,50.24937811,88.1192374,92.96235797
30.01666204,31.01612484,48.05205511,28.86173938,31.144823,34.20526275,36.05551275,53,67.89698079,37.12142239,72.24956747,53.48831648,22.02271555,63.78871374,20.61552813,30.41381265,52.40229003,31.95309062,38.27531842,71.06335202,57.70615219,4.242640687,21.63330765,21.26029163,95.77577982,52.61178575,78.24321057,57.03507693,24.0208243,71.16881339,18.24828759,42.42640687,60.87692502,58.5918083,22.627417,31.38470965,33.61547263,11.70469991,87.4185335,78.64477096,40.60788101,37.57658846,50.93132631,58.5918083,87.96590248,84.50443775,25.8069758,74.06078585,61.98386887,38.47076812,54.33231083,42.42640687,24.04163056,70.61161378,65.80273551,63.12685641,14.14213562,33.24154028,6.32455532,50.99019514,78.40918314,78.10889834,0,76.15773106,63.15061362,5.830951895,69.02897942,59.68249325,16.4924225,24.51530134
55.14526272,93.60555539,97.61659695,85.63293759,51.0881591,75.16648189,97.67292358,108.5771615,79.81227976,46.66904756,24.08318916,52.92447449,69.46221995,107.1867529,96.15092303,48.83646179,72.01388755,84.14867795,106.0424443,112.2942563,60.08327554,72.23572523,59.22837158,95.77055915,92.04890005,113.1724348,93.39164845,110.4219181,69.26037828,107.3545528,73.97972695,96.33275663,46.32493929,59.77457654,87.13208364,58.00862005,42.54409477,68.68041933,81.0061726,82.73451517,76.6093989,83.73768566,75.59100476,92.59049627,87.05170877,96.33794683,51.2445119,33.24154028,121.8277472,40,28.8444102,45.607017,59.81638571,45.01110974,128.724512,26.92582404,89.4427191,42.95346319,75.89466384,44.72135955,78.40918314,55.14526272,76.15773106,0,19.6977156,72.89718787,32.01562119,89.89994438,75.31268154,75.23961722
49.04079934,76.2758153,78.64477096,68.00735254,34.43835072,56.5862174,80,89.82761268,60.41522987,29.15475947,11.66190379,33.24154028,61.81423784,87.66413178,81.90848552,41,52.32590181,66.06814664,89.04493248,92.66067127,40.52159918,59.68249325,50.35871325,80.99382693,74.81310046,94.84724561,74.14849965,91.43850392,62.16912417,87.66413178,65.27633568,77.79460136,27.16615541,40.26164428,78.10249676,52.81098371,31.01612484,58.00862005,63.63961031,64.07027392,57.48912941,65.05382387,55.94640292,72.9451849,69.18092223,77.41446893,41.10960958,19.20937271,103.2375901,24.73863375,10,26.90724809,43.38202393,27.89265136,110.390217,8.062257748,75.2861209,31,64.28063472,25.05992817,60,38.89730068,63.15061362,19.6977156,0,58.94064811,15.65247584,70.21395873,66.12110102,68.0661443
30.6757233,28.63564213,44.28317965,25.07987241,26,28.8444102,33.73425559,50.24937811,62.22539674,32,67.60177512,47.75981575,25.3179778,59.8414572,23.2594067,29.41088234,46.69047012,27.65863337,37.58989226,67.08203932,51.88448708,6.32455532,22.13594362,23.02172887,90.02777349,50.69516742,72.80109889,54.08326913,27.29468813,66.76076692,22.47220505,39.01281841,55.31726674,52.77309921,28.31960452,32.75667871,30.52867504,14.03566885,81.60882305,72.9177619,35.22782991,32.89376841,45.3431362,53.71219601,82.21921916,79.0253124,24.08318916,69,60.16643583,34.20526275,49.81967483,37.12142239,18.43908891,65.11528238,64.62197769,58.42088668,16.55294536,30.01666204,11.40175425,45.54119015,72.62231062,72.42237223,5.830951895,72.89718787,58.94064811,0,64.00781202,54.58937626,21.02379604,28.7923601
60.8276253,75.76938696,74.20242584,67.23094526,38.01315562,54.12023651,78.72102642,85.80209788,49.24428901,32.01562119,8.544003745,25.49509757,72.11102551,80.72174428,85.70880935,52.32590181,44.59820624,64.40496875,88.76936408,84.81155582,30.8058436,66.18912297,60.40695324,84.17244205,60.13318551,91.80958556,62.29767251,86.68333173,72.80109889,79.0569415,74.72616677,74.62573283,16.40121947,30.23243292,86.88498144,64.88451279,40.85339643,66.28725368,49.04079934,50.99019514,53.25410782,61.91122677,48.7954916,65.29931087,55.03635162,64.76109943,50.92150823,5.099019514,99.40321926,32.01562119,17,27.29468813,46.27094121,13,107.0747403,8.485281374,79.40403012,40.49691346,71.44928271,20.61552813,46.5295605,23.53720459,69.02897942,32.01562119,15.65247584,64.00781202,0,62.00806399,75.18643495,78.4346862
78.64477096,37.73592453,21.37755833,33.24154028,48,26,36.24913792,31.06444913,18.43908891,48.37354649,70.21395873,37.21558813,78.92401409,19.41648784,60.44005295,72.56031973,17.88854382,29,46.4865572,22.8035085,31.2409987,60.8276253,71.56814934,57.00877125,43.41658669,39.01281841,20.59126028,29.61418579,80.77747211,17.4642492,76.92203845,26.57066051,45.607017,31.89043744,81.84130986,82.22530024,64,67.62396025,40,28.01785145,19.92485885,22.6715681,14.56021978,4.123105626,36.49657518,26.92582404,66.75327707,64.44377394,43.17406629,57.42821606,61.46543744,46.32493929,44.72135955,52.34500931,51.41984053,63.63175308,57.98275606,63,65.8634952,45.18849411,31.144823,50.24937811,59.68249325,89.89994438,70.21395873,54.58937626,62.00806399,0,75.59100476,83.19254774
21.47091055,47.09564736,64.5368112,45.35416188,39.8246155,49.73932046,52.03844733,69.11584478,82.32860985,45.18849411,76.65507159,64.35060217,7.810249676,80.28075735,31.38470965,26.47640459,66.70832032,48.38388161,52.77309921,87.55569656,69.8140387,14.76482306,16.1245155,33.52610923,109.603832,68.11754546,93.47726996,73.24616031,9.433981132,87.59566199,2.236067977,58.85575588,70.21395873,70.60453243,12,20.61552813,35.12833614,9.433981132,100.5683847,92.6984358,56.08029957,53.85164807,65.80273551,74.73285757,101.8331969,99.62429423,25.01999201,80.28075735,77.31752712,43.17406629,58.85575588,50.99019514,35.4682957,79.30952024,80.41144197,68.0661443,26.68332813,35.22782991,10.19803903,59.93329626,91.93475948,88.1192374,16.4924225,75.31268154,66.12110102,21.02379604,75.18643495,75.59100476,0,8.062257748
20.09975124,55.14526272,72.56721023,53.36665626,45,57.24508713,60.07495318,77.1621669,89.20201791,49.92995093,79.07591289,69.8140387,6.32455532,88.29496022,38.60051813,27.16615541,73.60027174,56.32051136,60.5309838,95.56673061,75.74298647,22.47220505,18.02775638,41,116.1034022,76.05918748,100.7025322,81.3019065,6,95.50916186,6.32455532,66.91038783,74.94664769,76.4852927,13.60147051,17.72004515,37.64306045,15.8113883,106.7754653,99.35793879,63.5295207,61.68468205,72.9451849,82.46211251,108.3743512,106.780148,27.51363298,83.48652586,85.21150157,46.61544808,61.68468205,55.75840744,41.77319715,83.6480723,88.1192374,70.88018059,34.36568055,37.94733192,18.24828759,64.66065264,98.35141077,92.96235797,24.51530134,75.23961722,68.0661443,28.7923601,78.4346862,83.19254774,8.062257748,0
